,CTRM,CTRM_time_created
0,Waiting for you guys at CTRM,2021-01-31 23:56:06
1,"$CTRM has recently come off a year with -500% profits, but recently had a 3 month gain of 406%.

They recently expanded their fleet with 2 dry bulk carrier ships, adding to their 7 ship fleet.

Their execs are saying they will be able to reach long term profitability with these new ships, and will be able to move more dry-bulk goods. Which as of right now is an improving market.

Recently bought up 20K shares @ .36

Anybody else keeping their eye on $CTRM?",2021-01-31 23:28:26
2,(CTRM) Castor Maritime Follow ...ðŸš€ðŸš€,2021-01-31 22:59:46
3,"When all this restriction shit first happened with Robinhood last week I was hold a large long position with CTRM. Without knowing what was going on ""because Robinhood decided shoot first and ask questions later"" I sold because I noticed it dropping and thinking the server was overloaded or some other technical issue I panicked thinking I'd better sell while I still have access all the time not knowing what was really going on. Had I really known, I would have held and I'd be up a ton right now insted of closing out my position prematurely.",2021-01-31 21:49:04
4,"I don't doubt any of it. If they are printing fake money. They are certainly printing fake stocks. Busted! I've studied finance and I consider myself above average intelligence. People used to ask me about investing in stocks. I would tell them it's like trading one worthless piece of paper for another. I remember Fannie and Freddie. 
It didn't make any sense. I studied derivatives. It doesn't make sense. So, I got out of stocks completely.
I do own cryptos and.tokens. 
 Last week I'm back in. We can do more together than apart. $GME, $CTRM. ðŸš€ðŸš€ðŸš€ðŸ’°ðŸ’°ðŸ’°ðŸ·ðŸ·ðŸ·ðŸ‚ðŸ‚ðŸ‚",2021-01-31 21:05:26
5,CTRM AND AMC are the move,2021-01-31 21:04:06
6,"We are going for AMC AND CTRM. Theyâ€™re great stocks even if they donâ€™t get as good as Game Stop, the companies are still going to do good in the long term.",2021-01-31 21:01:30
7,ALL MEMBERS PASS THE WORD...GO TO GOOGLE SEARCH ENGINE...TYPE CTRM 10 TIMES AND IT WILL START A TREND!!,2021-01-31 20:57:03
8,"CTRM!!! MADE ME $37,000 LETS GO BABY ðŸš€ðŸš€",2021-01-31 20:29:51
9,We need a 3rd. Ctrm to the next galaxy,2021-01-31 19:59:46
10,Let's also go #CTRM ðŸš€ðŸŒ,2021-01-31 17:04:43
11,Let's also go after #CTRM,2021-01-31 17:04:07
12,Ctrm army,2021-01-31 14:39:28
13,Ctrm squeeze next week,2021-01-31 14:35:52
14,Ctrm!,2021-01-31 14:08:31
15,"#CTRM WILL EXPLODE TOMORROW 
WE GOING TO NEPTUNE",2021-01-31 13:23:22
16,Why not $CTRM? ðŸ˜…,2021-01-31 11:16:30
17,"#Calling all apes and retards. We need you on the frontlines.

[Squeeze these hedgehogs on all fronts](https://www.reddit.com/r/CTRM/comments/l94h9a/war_on_monday_ctrm_short_squeeze/?utm_medium=android_app&utm_source=share)",2021-01-31 10:36:39
18,"#Calling all chimps and retards with spare change.

Castor Maritime ($CTRM) needs YOU on the frontline Monday morning in the pre-market when your morning wood is still standing strong ðŸš€ 

[25,790,000 short bet volume against Castor Maritime (CTRM), 62,297,030 according to Fintel](https://www.reddit.com/r/CTRM/comments/l94h9a/war_on_monday_ctrm_short_squeeze/?utm_medium=android_app&utm_source=share)

CTRM was delisted after it went up to $1.10. Suits trying to cover their bets. I'd rather they didn't ðŸ˜ˆ

I'm not a financial advisor. I'm just a very simple primate with an infatuation with billionaire tears ðŸ˜­

Me likey likey when we ðŸ”¥ the hedgehogs ðŸ“ˆ",2021-01-31 10:13:40
19,"Calling all chimps and retards with some spare change.

Castor Maritime ($CTRM) needs YOU on the frontline monday morning in the pre-market when your morning wood is still standing strong ðŸš€ 

[25,790,000 short bet volume against Castor Maritime (CTRM), 62,297,030 according to Fintel](https://www.reddit.com/r/CTRM/comments/l94h9a/war_on_monday_ctrm_short_squeeze/?utm_medium=android_app&utm_source=share)

CTRM was delisted after it went up to $1.10. Suits trying to cover their bets. I'd rather they didn't ðŸ˜ˆ

I'm not a financial advisor. I'm just a very simple primate with an infatuation with billionaire tears ðŸ˜­ me likey when we ðŸ”¥ the hedgehogs ðŸ“ˆ",2021-01-31 09:57:50
20,"#Calling all chimps and retards with some spare change.

Castor Maritime ($CTRM) needs YOU on the frontline monday morning in the pre-market when your morning wood is still standing strong ðŸš€ 

[25,790,000 short bet volume against Castor Maritime (CTRM), 62,297,030 according to Fintel](https://www.reddit.com/r/CTRM/comments/l94h9a/war_on_monday_ctrm_short_squeeze/?utm_medium=android_app&utm_source=share)

CTRM was delisted after it went up to $1.10. Suits trying to cover their bets. I'd rather they didn't ðŸ˜ˆ

I'm not a financial advisor. I'm just a very simple primate with an infatuation with billionaire tears ðŸ˜­ me likey when we ðŸ”¥ the hedgehogs ðŸ“ˆ",2021-01-31 09:56:02
21,"Castor Maritime ($CTRM) needs dedicated chimps and warriors Monday morning in the pre-market ðŸš€

[25,790,000 short bet volume against Castor Maritime (CTRM), 62,297,030 according to Fintel](https://www.reddit.com/r/CTRM/comments/l94h9a/war_on_monday_ctrm_short_squeeze/?utm_medium=android_app&utm_source=share)

CTRM was delisted after it went up to $1.10. Suits trying to cover their bets. I'd rather they didn't ðŸ˜ˆ

It'd be nice to stick it to our corporate overlords againðŸ–•ðŸ»",2021-01-31 09:51:02
22,"Castor Maritime ($CTRM) needs dedicated chimps and warriors Monday morning in the pre-market ðŸš€ 

[25,790,000 short bet volume against Castor Maritime (CTRM), 62,297,030 according to Fintel](https://www.reddit.com/r/CTRM/comments/l94h9a/war_on_monday_ctrm_short_squeeze/?utm_medium=android_app&utm_source=share)

CTRM was delisted after it went up to $1.10. Suits trying to cover their bets. I'd rather they didn't ðŸ˜ˆ",2021-01-31 09:49:41
23,"#CTRM for the really poor people.

[25,790,000 short bet volume against Castor Maritime (CTRM), 62,297,030 according to Fintel](https://www.reddit.com/r/CTRM/comments/l94h9a/war_on_monday_ctrm_short_squeeze/?utm_medium=android_app&utm_source=share)

#CTRM was delisted when it was up to a $1.10. Short bet volume increased by 5150% in January.

Short target of 0.61

Wallstreet panicked and showed their hand. Let's make em cry again. Strike Monday when your morning wood is still strong during pre-market like MFking cobra kai and go straight for the jugular. ðŸ“ˆ

I'm not a financial advisor, and I'm shamelessly gonna repost this on another comment to get the message out. Too many eyes focused on other stocks to see what's going on. Rally the chimps!",2021-01-31 09:31:16
24,Ctrm anyone they have extremely shorted this one,2021-01-31 08:12:20
25,"For people who are not able to afford the GME stock , do you have any plan for ,CEI , SHIP, IDEX ,CTRM or SNDL?? PLEASEðŸ™ðŸ™ðŸ™",2021-01-31 07:26:37
26,They just bought yet another new ship. Shipping stocks were some of the few that actually did well this past Friday. Buy and hold #ctrm,2021-01-31 05:12:46
27,"Got me 2k shares of AMC, 100k CTRM, and just wish I had found you retards sooner. Trying to explain to my boomer relatives what is going on has been like trying to explain rocket surgery to a bonobo. Not surprisingly, the ones who are self-admittedly ignorant of stonks and finance are easier to convince that this is all perfectly rational.",2021-01-31 03:17:25
28,"What a POS!! THE TRUTH WILL SET YOU FREE!! Market crash inbound! Sell Citadel long Stocks!! I AINT FVCKING SELLING $GME $AMC $CTRM- UNITED WE STAND, DIVIDED WE FALL [https://hedgefollow.com/funds/Citadel+Advisors](https://hedgefollow.com/funds/Citadel+Advisors)",2021-01-31 02:41:20
29,r/CTRM,2021-01-31 02:34:51
30,Check out r/CTRM,2021-01-31 02:34:24
31,ðŸ’ŽðŸ’ŽðŸ’ŽðŸ’ŽðŸ’ŽSNDLðŸ’ŽðŸ’ŽðŸ’ŽðŸ’ŽðŸ’ŽCTRMðŸ’ŽðŸ’ŽðŸ’ŽðŸ’ŽðŸ’Ž,2021-01-30 23:51:21
32,"Robinhood is screwed, after screwing me & thousands of others Thursday & Friday. I took it up the ass on AMC, CTRM, & SNDL...posting notices in the app that we can't purchase and can only ""close"" our positions. What the hell kind of fucked up wording is that?? They new people would panic sell. Luckily, I have another trading platform & it's on next week! It's their turn to get bent over. Already in talks to join a class action lawsuit! They are sooooo screwed & I highly doubt they'll be around come 2022. #robbingthehood",2021-01-30 23:42:32
33,ðŸš€ðŸ’ŽðŸ¤²CTRMðŸ¤²ðŸ’ŽðŸš€,2021-01-30 23:30:14
34,"Couldn't have been ZOM! or SHIP! or CTRM!

just kidding,  congrats to all",2021-01-30 22:57:12
35,"I hate to regurgitate a post, but if you like ðŸ”¥ and wanna set some hedges ablaze, we monkey's may want to start looking here:

Castor Maritime (#CTRM) saw a 5150% increase in short volume in January 2021.

Surely that fact doesn't have anything to do with being delisted from trading platforms after reaching $1.08?

#shortsqueeze season
GME isn't the only company these hedges bet against.

I'm an idiot, so maybe somebody smarter can connect the dots and articulate what this means a little better. Seems like another opportunity to smite our corporate overlords ðŸ–•ðŸ»

[CTRM Short Statistics](https://www.marketbeat.com/stocks/NASDAQ/CTRM/short-interest/)",2021-01-30 22:48:39
36,"Castor Maritime (#CTRM) saw a 5150% increase in short volume in January 2021.

Surely that fact doesn't have anything to do with being delisted from trading platforms after reaching $1.08?

#shortsqueeze season. GME isn't the only company these hedges bet against.

I'm an idiot, so maybe somebody smarter can connect the dots and articulate what this means a little better. Seems like another opportunity to smite our corporate overlords ðŸ–•ðŸ»

[CTRM Statistics](https://www.marketbeat.com/stocks/NASDAQ/CTRM/short-interest/)",2021-01-30 22:45:22
37,"CASTOR MARITIME (NASDAQ:CTRM) SHORT INTEREST DATA

Current Short Volume: 25,790,000 shares (Jan 15th, 2021)
Previous Short Volume: 491,200 shares

[Hedgefund mafia strikes again, let's burn em down ðŸ”¥ ](https://www.marketbeat.com/stocks/NASDAQ/CTRM/short-interest/)",2021-01-30 22:01:46
38,"ðŸš€ðŸš€ðŸš€ðŸ’ŽGME, NOK, CTRM, BBðŸ’ŽðŸš€ðŸš€ðŸš€",2021-01-30 21:56:00
39,"Bought NOK and CTRM, weâ€™ll go ganging in the space ðŸš€ðŸš€ðŸš€ðŸš€ðŸš€ðŸš€ðŸš€

Warriors from Italy just joined the BATTLE ðŸ¤²ðŸ’ŽðŸ¤²ðŸ’ŽðŸ¤²ðŸ’ŽðŸ¤²ðŸ’ŽðŸ¤²ðŸ’ŽðŸ¤²ðŸ’Ž",2021-01-30 21:27:35
40,"Read that Castor Maritime #CTRM has $25 million shorted positions. They also don't have nearly as many available shares as companies like NOK and BB. 

Reading that to me is like Rossetta's Stone. Simple Ape does not compute. But I like to set ðŸ”¥ to hedges and watch billionaires ðŸ˜­ so I'm gonna ride that ðŸš€ to the ðŸŒ™  with ðŸ’Ž hands",2021-01-30 18:42:39
41,"that's what I'm hoping! 

I bought my first option call (in SNDL) for 2/5, so I'm curious what's going to happen! (It's only $40 if I'm wrong). 

But I'm slowly building a portfolio of AMC and CTRM, as well as a side hustle of USWS.

Side note, the list of stocks that RH wouldn't let people buy any of? That includes the pennies I just mentioned. I'm curious what they know that we don't.",2021-01-30 18:10:47
42,"Lets Goo to the moon, CTRM! Almost everthing pass by a ship ;)",2021-01-30 17:18:58
43,"Thank you, and especially amc brokerage houses band together and stop buys on gme! Buy and hold! Stay strong and committed. Together we have clout. 

And remember, only with funds u donâ€™t need for lifeâ€™s basics such as rent, food, etc.

And if amc bus are halted by the gang of brokerage houses, join the parry andget in on ctrm, lmfa, and sndl, again only with funds not needed for the basics!!!",2021-01-30 17:18:29
44,It has a short of over 5000% itâ€™s going really under the radar and itâ€™s gonna be HUGE. Check the short interest. https://www.marketbeat.com/stocks/NASDAQ/CTRM/short-interest/,2021-01-30 16:59:30
45,"It has a short of over 5000% itâ€™s going really under the radar and itâ€™s gonna be HUGE. Check the short interest. https://www.marketbeat.com/stocks/NASDAQ/CTRM/short-interest/

Itâ€™s gonna become huge.",2021-01-30 16:43:45
46,"CTRM is so undervalued. Telling that it was one of the stocks targeted on that faithful day. Great management team and business principals, actively expanding, taking active steps to manage debt. Itâ€™s a shipping company, once the pandemic is under control these boats are going to sail and the head honchos know it. Iâ€™m pushing 5,500 shares and thinking of bumping up to 10K. Whoâ€™s feeling good about this company? 

https://pulse2.com/ctrm-stock-price-nasdaq-castor-maritime-increases-over-2-pre-market-why-it-happened/


https://www.nasdaq.com/articles/ctrm-stock-alert%3A-12-things-to-know-about-castor-maritime-as-shares-soar-2021-01-12

https://www.streetinsider.com/dr/news.php?id=17814189&gfv=1",2021-01-30 15:52:41
47,CTRM,2021-01-30 15:49:17
48,https://www.reddit.com/r/CTRM/,2021-01-30 13:37:16
49,$CTRMðŸš€ðŸš€ðŸš€ The price will reach 1.5 on Monday.,2021-01-30 13:36:20
50,In 2000 CTRM.. will hold ..,2021-01-30 13:34:31
51,"SHIPPING RATES UP 300% !!

WHO IS HOLDING 

$CTRM  
$SHIP 
$TOPS 
$GLBS 

DOWN?!?!?!?",2021-01-30 11:15:47
52,"AMC.         now $13.26 ====>  ðŸ”œ $35 $55


CTRM.      now $0.6199 ====> ðŸ”œ $5 $14


AMC.   now $13.26 ====>  ðŸ”œ $35 $55


CTRM.  now $0.6199 ====> ðŸ”œ $5 $14

Share share 

Post  post",2021-01-30 10:09:09
53, Buy CTRMðŸš€ðŸš€ðŸš€ðŸš€,2021-01-30 09:18:03
54,ðŸ¤™ðŸ»ðŸ¤™ðŸ»ðŸ¤™ðŸ»ðŸ¤™ðŸ»ðŸ¤™ðŸ»ðŸ¤™ðŸ»ðŸ¤™ðŸ»ðŸ¤™ðŸ»ðŸ¤™ðŸ»ðŸ¤™ðŸ»ðŸ¤™ðŸ»ðŸ¤™ðŸ»ðŸ¤™ðŸ»ðŸ¤™ðŸ» #CTRM and #NaKEd,2021-01-30 08:53:53
55,Join r/CTRM for a community of enthusiasts!,2021-01-30 08:18:53
56,"Just tried to buy GameStop and amc on E*TRADE. It allowed amc, but not gme. Super bummed, the Sherrif of Nottingham has E*TRADE too. Darn.â€™
Buying more amc, ctrm, lmfa, & sndl. Keep the faith. And bail on Robinhood. What a schmuckâ€™

Together we can stop firms like Robinhood, or should I say â€œRobbing the hood to give back to the 1%ersâ€!",2021-01-30 07:40:18
57,"Stay with gme, amc, ctrm, lmfa, & sndl. Only use funds you donâ€™t need for lifeâ€™s important basics! Good luck!",2021-01-30 07:16:56
58,CTRM? Hold?,2021-01-30 06:35:32
59,"Look into Castor Maritime $CTRM. #CTRM is a wave worth riding and affordable for even the most simplist of chimps.

They were up to $1.08 before the ILLEGAL premarket delisting. Let's screw these shorters and ðŸ”¥ some hedges",2021-01-30 05:56:22
60,Shorts on ctrm stock are about lose.,2021-01-30 05:39:28
61,"I donâ€™t get paid until Monday, will it be too late for me to join the real occupy wall street? Iâ€™ve got NOK,BBBY, AMC, GME, SCHW, & BB on my watchlist. Are there others any of all are targeting?

Edit: to add CTRM",2021-01-30 04:29:16
62,"Castor Maritime (CTRM) belongs on this list. They were up to $1.08 before the pre-market delisting.

Don't let the shorts win. Rally and ðŸš€ to the ðŸŒ™",2021-01-30 03:51:59
63,Go to r/CTRM we are hitting them Monday!!,2021-01-30 03:17:56
64,"So you guys, check out CTRM, itâ€™s a great setup, worth $7 pre pandemic with only one ship and now theyâ€™re at .60 and have 7 ships. Robinhood has made it so you can only purchase $3 worth now!! We need all the coverage we can get. We love this stock! Iâ€™m sure you all will too!",2021-01-30 02:19:41
65,"CTRM, TRCH, OPTT, GE",2021-01-30 02:16:30
66,"CTRM, NOK, SNDL, to name a few",2021-01-30 01:07:33
67,[deleted],2021-01-30 00:15:37
68,Ctrm also,2021-01-30 00:01:08
69,Is that the same w Ctrm. It was on the list,2021-01-29 23:13:23
70,[removed],2021-01-29 22:59:22
71,[deleted],2021-01-29 21:09:58
72,"HOLD BABY, AMCðŸš€
Is anyone else looking at CTRM and SPCE?",2021-01-29 21:08:55
73,Dude they fucked $CTRM like this too: we were set to go over a dollar a share for the first time in a while and then they added CTRM to their dumbass restrictions list and now its hovering at .6 the entire day...,2021-01-29 20:52:59
74,"I yolo'd 1k into NOK there goes my gains for the week but hey I did turn my stimmy into a little over 2k just moving back to America and jobless... soooo my NOK, BB, and CTRM (which was also stopped by RH ) can print me some tendies.",2021-01-29 20:32:05
75,CTRM,2021-01-29 17:47:14
76,CTRM needs to be on their too!!!! ðŸš€ðŸš€ðŸš€ðŸŒ•ðŸŒ•ðŸŒ•,2021-01-29 17:47:05
77,"You bought AMC, GME and CTRM?? If you did then you did good my son.. if you didnâ€™t.. get to it!!!! ðŸš€ðŸš€ðŸš€ðŸŒ•ðŸŒ•ðŸŒ•",2021-01-29 17:41:22
78,HELL YES! Iâ€™m no financial advisor so donâ€™t listen to me but $CTRM and $SPCEðŸš€ðŸŒ•,2021-01-29 17:19:49
79,"Until we lift offðŸš€
In the meantime I went in on $CTRM and $SPCE. I am not a financial advisor so donâ€™t listen to me but Iâ€™m taking the chance on these ðŸŒ•",2021-01-29 17:19:00
80,"we did it boys. bbw and ctrm, love you guys! :)",2021-01-29 17:02:05
81,$CTRM,2021-01-29 16:40:35
82,"BB, NOK, SNDL, CTRM ðŸš€ðŸš€ðŸš€",2021-01-29 16:33:37
83,2500 shares CTRM ðŸš€ðŸš€ðŸš€,2021-01-29 16:18:06
84,anyone else playing CTRM? looks squeezy. i threw $500 at it for the fuck of it. not much risk with shares lol worth it imo,2021-01-29 15:58:05
85,Iâ€™ll be there with my tiny 2500 CTRM in the corner,2021-01-29 15:42:45
86,My son.. CTRM get some with your change but buy buy buy,2021-01-29 15:25:15
87,"Just bought more AMC, a few shares of GME and a shit load of CTRM ðŸš€ðŸŒ•ðŸš€ðŸŒ•ðŸš€ðŸŒ• buy buy buy everyone buy CTRM too.",2021-01-29 15:23:05
88,"CTRM, SNDL, BB, NOK, AMC, it's never too late.",2021-01-29 14:53:57
89,NOK and CTRM,2021-01-29 14:39:53
90,"So once the squeeze is squoze, whatâ€™s next? NOK? AMC? SNDL? CTRM? SPCE?",2021-01-29 14:38:32
91,They have put a deficient warning on CTRM ticker in case there is any bag holders here that weren't aware.,2021-01-29 14:31:25
92,CTRM and SNDL,2021-01-29 14:25:26
93,Buy CTRM Buy now!!!!!,2021-01-29 14:22:34
94,Yes but also CTRM,2021-01-29 14:21:40
95,CTRM,2021-01-29 14:19:35
96,Buy CTRMðŸš€ðŸŒ•,2021-01-29 14:19:25
97,Buy CTRMðŸš€ðŸŒ•,2021-01-29 14:19:03
98,BUY CTRMðŸš€ðŸš€ðŸš€ðŸŒ•ðŸŒ•ðŸŒ•,2021-01-29 14:18:40
99,Which ever you choose. Also buy CTRM ðŸš€ðŸŒ•,2021-01-29 14:07:13
100,Lol I had more shares of CTRM than was allowed but I got out of that shit on Tuesday to buy more GME!,2021-01-29 06:42:06
101,"did my small share and put 1K into GME, NOK, AMC, BB, and CTRM......wonder how it's all gonna pan out.",2021-01-29 06:06:58
102,Missing CTRM.,2021-01-29 04:05:12
103,"CTRM, AMC, GME #Buy Buy Buy!!!!! Letâ€™s make Friday an insane day!!",2021-01-29 03:45:10
104,CTRM was also blocked,2021-01-29 03:44:27
105,[deleted],2021-01-29 03:39:37
106,Exactly. It wasn't a coincidence that CTRM lost half of its value starting the minute Robinhood opened for trading at 8am my time this morning. It was $0.99/share before then. Fuck these bastards.,2021-01-29 03:38:30
107,AMC GME CTRM time to buy!!!!,2021-01-29 03:10:11
108,"So why did they put stops on BB, AMC, CTRM, etc?

That's where this theory falls apart. Those stocks weren't anywhere close to being unavailable (CTRM was at like $0.80), yet they were still large debts for the shorts.",2021-01-29 02:13:09
109,"Silver, Nok and CTRM",2021-01-29 00:59:04
110,[deleted],2021-01-28 23:48:07
111,"Degiro also has instant deposits but I think this only works for Belgian and Dutch banks. Thats how I bought AMC, BB, NOK and CTRM. Lets hold till the squeeze is squoze!",2021-01-28 22:43:03
112,"CTRM is next up, starting up here in after hours ðŸš€ðŸš€",2021-01-28 21:53:03
113,"I bought AMC, SNDL, NOK, and CTRM today with schwab.",2021-01-28 21:33:26
114,HAMMER CTRM. SEND THIS BAD BOY TO THE FUCKIN STRATOSPHEREEEEEE.,2021-01-28 21:13:03
115,"I'm confuse as to why ROBINHOOD block these stocks and others not mentioned. They said, they raised there margin requirements. But yet small stocks are being traded that are under penny CTRM can't be traded but I can trade ASCT, NAK, GTE, ETC... CAN SOMEONE EXPLAIN PLEASE...",2021-01-28 21:07:16
116,"I bought CTRM, as a pivot",2021-01-28 21:02:42
117,GNUS SNDL CTRM NAKD letâ€™s screw Wall Street!!!!!!!ðŸš€ðŸš€ðŸš€ðŸš€ðŸš€ðŸš€ðŸš€ðŸš€ðŸš€,2021-01-28 21:01:12
118,"$100 in AMC 

$400 in CTRM 

Lets go!",2021-01-28 20:01:49
119,I hope so! CTRM has a lot of room to grow!,2021-01-28 20:00:58
120,"Take a look at $CTRM. 11% of stock is getting shorted, 1 man shipping vessel company, .60 a share. Robinhood recently added it to the restricted securities list as well, and they are trying to fuck the company over.",2021-01-28 19:12:09
121,There's another called CTRM which is like a $0.40 stock that rocketed last night that they blocked,2021-01-28 19:11:28
122,CTRM. It's cheap at $.60.,2021-01-28 19:04:39
123,"I've been buying GME, KOSS, CTRM, and NOK on Fidelity all day today. Orders are being filled fast, no restrictions, no lag. Fidelity is awesome.",2021-01-28 19:01:35
124,"Look at me, I'm protesting! CTRM 1600 shares!",2021-01-28 18:34:49
125,There blocking GME and CTRM from me ðŸ’€ðŸ˜¤ðŸ˜¤ fuckers,2021-01-28 18:29:18
126,Buy ctrm is going to fly back up  hold and help crush big hedge funds that have been stealing form you,2021-01-28 18:18:40
127,"No GME but I have some on AMC, CTRM and SNDL. They all got removed from RH",2021-01-28 18:07:09
128,I'm in CTRM. It's at $.60. I want to ride it to the moon!,2021-01-28 18:02:05
129,"Throwing my hat in the ring. Sent you a PM too. 

RH won't let me buy the dip in stocks I'm already invested in. AMC and CTRM.",2021-01-28 17:55:29
130,Currently holding BB AMC GME NOK and CTRM ðŸš€ðŸš€ðŸš€,2021-01-28 17:54:22
131,I wouldn't be here if I didn't have money in GME too ðŸ™Œ I'm just saying that my entire portfolio is locked to sell only. Idk why CTRM is being restricted it wasn't even on anyone's radar here,2021-01-28 17:53:55
132,"So AH last night and this morning before market open I put in orders in Robinhood for more NOK, AMC, CTRM, and SNDL. Those stocks were locked before open so I was worried my orders wouldnâ€™t go through but 3 out of 4 did. 

NOK was the only one that was canceled, can someone explain why?",2021-01-28 17:48:14
133,"Fuck â€˜em! Thatâ€™s why! Their name is so ironic. I hope this class action goes forward. Def here to back. They didnâ€™t cancel my queued orders for AMC, NOK, BB, CTRM. But I canâ€™t buy more. HOLD THE LINE",2021-01-28 17:47:13
134,"Guys, grab a position in ctrm rn. Just check it out. They are fucking with us all just a cheap position. 100 shares. Let this fund our way when gme opens back up!",2021-01-28 17:46:48
135,"I like CTRM. There's a lot of room there. GME is fine, but it's out there now. They're blocking trades on the other stocks. CTRM was still available from Schwab, so I jumped on it.",2021-01-28 17:46:35
136,CTRM ðŸš€ðŸš€ðŸš€ðŸš€ðŸš€ðŸš€ðŸš€ðŸš€ðŸš€,2021-01-28 17:44:44
137,"bruh i have money in CTRM which is a penny stock it shot up almost to a dollar  in premarket,  i got in at .33 and they told me i cant buy anymore. This goes beyond GME and its fucked",2021-01-28 17:44:28
138,I'm keeping my CTRM!,2021-01-28 17:42:03
139,Donâ€™t forget CTRM,2021-01-28 17:40:58
140,"Hedge funds were massively shorting GME so wallstreetbets ran a short squeeze on it. Since it was so massively over shorted, the squeeze worked out superbly and it shot up x10. The hedge funds are losing billions, so now the system is galloping to their rescue. 

Other stock like BB, NOK, BBBY, and AMC got caught up in the hype, so buying is canceled for them too. I donâ€™t know how CTRM got caught up in it because that wasnâ€™t on wallstreetbets, but my guess is that since it started to nova at the same time they assumed it was part of the frenzy and shut it down too.",2021-01-28 17:34:45
141,I have stocks on Robinhood I got messed up on CTRM and AMC.,2021-01-28 17:31:38
142,MY MONEY IS TIED UP IN CTRM BB NOK AND GME AND IM PISSED,2021-01-28 17:29:45
143,"Can't place any buy or options; including on my held stock... $GME, $CTRM, $NOK, $AMC. Trades were submitted between 1/20 and 1/27, and can now only liquidate positions.",2021-01-28 17:27:01
144,"I had shares in fidelit, CTRM (I know it's not in the GME league), but it was directly affected because it was also blocked from trading on RH.",2021-01-28 17:25:02
145,CTRM needs your help! Join the fight today! Buy and hold!,2021-01-28 17:23:20
146,"75 here and 100 CTRM, keep holding bro !",2021-01-28 17:18:56
147,[deleted],2021-01-28 17:18:18
148,"Had over 1k lined up to buy in at market open this morning and I got messaged 5 mins before 6:30 saying I cancelled my orders... Won't let me buy shares in ctrm, bb, amc, nok, and gme. What gives robinhood",2021-01-28 17:15:43
149,"CTRM, BB, NOK all i was in previously, now  I cannot trade. I did my own DD thank you RH.",2021-01-28 17:11:12
150,[deleted],2021-01-28 17:00:12
151,CTRM got banned too?! They're worth like 60 cents a share!,2021-01-28 16:59:15
152,CTRM,2021-01-28 16:58:12
153,Buy CTRM!!! Theyâ€™re trying to restrict it and theyâ€™re winning. We need to turn this around!,2021-01-28 16:54:02
154,"If you include the other stocks that theyâ€™ve restricted, youâ€™ll have even more support... $AMC $BB $NOK $CTRM $SNDL to name a few",2021-01-28 16:47:15
155," ***Update 1141 EST:*** *Robinhood is reportedly adding more names to its restricted list, including American Airlines, which was up more than 70% at one point in pre-market trading this morning.*

>*ROBINHOOD ADDS AAL, CTRM, SNDL, OTHERS TO RESTRICTED TRADING*",2021-01-28 16:44:17
156,CTRM is getting royally fucked by trade restrictions and shorts. This was on a rip! Buy buy buy!! Hold hold hold!!!!,2021-01-28 16:36:16
157,"Not just GME.  Anyone that owns $AAL, $AMC, $BB, $BBY, $CTRM, $EXPR, $GME, $KOSS, $NAKD, $NOK, $SNDL, $TR, and $TRVG right now.",2021-01-28 16:31:34
158,"I have shares in 3 stocks that were blocked today. BB, NOK, and CTRM. Getting fucked three ways ainâ€™t fun",2021-01-28 16:29:19
159,Canâ€™t find CTRM on Robin Hood,2021-01-28 16:28:15
160,[deleted],2021-01-28 16:27:23
161,Is Robinhood just blocking everything that wsb talks about now? They blocked CTRM also,2021-01-28 16:04:07
162,All in on CTRM,2021-01-28 16:03:05
163,"85000 CTRM ðŸ’ŽðŸ™Œ

Party on my yacht with you degenerates when it moons",2021-01-28 15:46:07
164,$ctrm planned on buying more but blocked. Gme blocked my 22 shares.,2021-01-28 15:42:43
165,I donâ€™t care what you think about the guy but what heâ€™s saying here is fucking true Robinhood just canceled my order on AMC and wonâ€™t let me buy more of CTRM,2021-01-28 15:36:54
166,"BUY $CTRM & $SNDL ðŸš€ðŸ“ˆðŸš€ðŸ“ˆ

BUY BUY & HOLD
SINCE THERE NOT ALLOWING US TO BUY $AMC, BUY THESEðŸš€ðŸ“ˆðŸ“ˆ",2021-01-28 15:36:53
167,CTRM as well,2021-01-28 15:34:24
168,They cancelled my order of ctrm and it legit looks like a good investment for 2021.,2021-01-28 15:33:09
169,They completely fucked me this morning. I wanted to buy CTRM because I legitimately think itâ€™s a good investment for 2021. They blocked it. Theyâ€™ve blocked every ticker mentioned here. Itâ€™s bullshit and itâ€™s the last straw. Iâ€™m moving my shit out of RH.,2021-01-28 15:32:17
170,$CTRM too,2021-01-28 15:29:24
171,They did the same to SNDL and CTRM,2021-01-28 15:26:47
172,[deleted],2021-01-28 15:20:56
173,Also hid CTRM,2021-01-28 15:14:41
174,YES $CTRM TO THE MOOOOON  **ðŸš€** **ðŸš€** **ðŸš€** **ðŸš€** **ðŸš€** **ðŸš€** **ðŸš€**  SCREW ROBINHOOD THIS IS THE ONLY STOCK THEY HAVEN'T BANNED YET  **ðŸš€** **ðŸš€** **ðŸš€** **ðŸš€** **ðŸš€** **ðŸš€** **ðŸš€**,2021-01-28 15:12:19
175,Should I dump my CTRM order and buy SNDL since Robinhood suddenly wonâ€™t support CTRM? Iâ€™ve been trying to make that trade since yesterday and it will take me too long to move my money from RH to another platform.,2021-01-28 15:07:44
176,[deleted],2021-01-28 15:07:04
177,ctrm,2021-01-28 15:06:34
178,Oh and sundial and ctrm apparently!???,2021-01-28 15:03:08
179,I can only see my CTRM on portfolio page.,2021-01-28 14:57:54
180,as well as CTRM,2021-01-28 14:57:34
181,ROBINHOOD BLOCKED CTRM AS WELL. FUCK IT UP YALL,2021-01-28 14:53:02
182,Robinhood has also restricted trading for CTRM and a few weeks ago did it with MY after the STEEL hype. Are these other possible positions by Citadel?,2021-01-28 14:52:13
183,$CTRM and $GME  NOW!!!!!,2021-01-28 14:52:08
184,CTRM is blocked by RH too. Bastards.,2021-01-28 14:49:13
185,They blocked purchases for $CTRM,2021-01-28 14:48:10
186,CTRM is even blocked on RH...,2021-01-28 14:43:59
187,Ctrm gains tho,2021-01-28 14:29:40
188,"I deposited $2k this morning ready to buy Nokia, AMC, and CTRM and now I canâ€™t... pretty frustrating. Keep me updated guys/girls",2021-01-28 14:21:11
189,CTRM today gonna fly same with AMC,2021-01-28 14:20:36
190,Ctrm is going off,2021-01-28 14:20:12
191,Why would robinhood ban trading of $CTRM?,2021-01-28 14:19:47
192,Even fucking CTRM lol,2021-01-28 14:17:58
193,[deleted],2021-01-28 14:17:11
194,"KOSS and CTRM too. 

Of course this is all for â€œour protectionâ€. I can take care of myself, thank you. Itâ€™s a free market and Iâ€™ll take my money and invest it in another service that doesnâ€™t babysit me.",2021-01-28 14:15:42
195,Rh is blocking CTRM now too. I have been in it for weeks and just liquidated my position. No way it can survive no Rh buy. Itâ€™s % was 60â€™s yesterday.,2021-01-28 14:14:33
196,CTRM to the ðŸš€ðŸš€ðŸš€ðŸŒ•ðŸŒ•ðŸŒ• then,2021-01-28 14:06:46
197,"They also blocked CTRM, which is a fucking PENNYSTOCK.",2021-01-28 14:05:20
198,[deleted],2021-01-28 14:05:12
199,"CTRM too. I know GME is the star of the show, but they are literally blocking other stocks that have the potential of being run up",2021-01-28 13:59:44
200,Also CTRM,2021-01-28 13:59:29
201,And CTRM ðŸ¤¨ðŸ¤¨ðŸ¤¨,2021-01-28 13:59:00
202,They blocked out CTRM as well.,2021-01-28 13:59:00
203,CTRM on robinhood is .72 per share while WeBull has CTRM listed as .53 per share?! wtf is going on with the skim?,2021-01-28 13:56:54
204,Wtf why? CTRM didnâ€™t do nothing lmao,2021-01-28 13:56:42
205,THEY PULLED CTRM OFF ROBINHOOD,2021-01-28 13:55:34
206,anyone else going to go in on CTRM? source?,2021-01-28 13:55:09
207,"> CTRM 

whats the ticker?",2021-01-28 13:54:54
208,"They wont allow people to purchase any more shares of CTRM either. That wasn't even one of the big push stocks here that I saw. Now it looks like it is bleeding out pre market, because they are allowing people to sell but not buy",2021-01-28 13:52:29
209,"I'm willing to bet that those are all shorted by hedge funds that are cozying up to RH right now. 

(Also CTRM, which makes no sense.)",2021-01-28 13:51:12
210,"CTRM actually seems legit, got 1000 yesterday at .37. Getting more today once it opens, could go to $2 pretty quick this year with the good news",2021-01-28 13:49:57
211,Note CTRM also available on RH is what I meant,2021-01-28 13:49:46
212,Ctrm,2021-01-28 13:48:41
213,And Naked and CTRM,2021-01-28 13:47:45
214,"It seems they have also suspended the ability to purchase any more CTRM. 

I got a message saying I could close my position but I am not allowed to buy any more. 

I don't understand where this falls as far as legality goes? They're literally preventing people from buying several stocks because they are afraid people will make money lol",2021-01-28 13:47:03
215,Same as CTRM,2021-01-28 13:46:54
216,Iâ€™m in CTRM see what happens ðŸš€,2021-01-28 13:46:07
217,"Lmao wow RH just blocked CTRM as well, how is any of this even fucking legal??",2021-01-28 13:45:27
218,"According to their website they don't support CTRM on their platform anymore.

This is what happens when people use shit tier brokerages because they have cool hipster apps",2021-01-28 13:42:11
219,What's going on with RH I can't even buy more CTRM,2021-01-28 13:41:10
220,GME AMC NOK and CTRM have all been taken down by Robinhood,2021-01-28 13:40:25
221,"RH restricted CTRM as well, a fucking PENNYSTOCK.",2021-01-28 13:38:29
222,Nakd and ctrm also on that list.,2021-01-28 13:35:43
223,Same for me. As well as some pennys. CTRM NKD CHS SNDL,2021-01-28 13:35:25
224,CTRM also on the list. The fuckery!!!,2021-01-28 13:34:40
225,CTRM to the ðŸš€ðŸš€ðŸš€ðŸŒ•ðŸŒ•ðŸŒ•,2021-01-28 13:32:09
226,I canâ€™t buy more ctrm only sale,2021-01-28 13:32:04
227,"Yep.  I was gonna buy some CTRM too, but that's blocked as well.",2021-01-28 13:31:33
228,"NOK, SNDL, CTRM",2021-01-28 13:28:28
229,"Also naked,sundial,CTRM",2021-01-28 13:24:54
230,CTRM too apparently.,2021-01-28 13:20:55
231,SNDL & CTRM!!!,2021-01-28 13:19:57
232,AND CTRM,2021-01-28 13:18:20
233,$AMC $BB $NOK and also $CTRM are all in the same position where you can only hold or sell,2021-01-28 13:17:31
234,"Rh has also blocked CTRM. 

What the actual fuck. Do you want to lose your customer base? This is how you lose your customer base.",2021-01-28 13:17:25
235,I was about to put 500 on CTRM is fucking less then a dollar but you are going to tell me I canâ€™t buy,2021-01-28 13:15:54
236,"So is amc, bb, ctrm, and nok, they stopping us on WSB from makin money ðŸ’ŽðŸ‘‹ðŸš€ðŸš€",2021-01-28 13:12:56
237,CTRM has been taking off from robinhood,2021-01-28 13:12:50
238,"So is amc, bb, ctrm, and nok, they stopping us on WSB from makin money ðŸ’ŽðŸ‘‹ðŸš€ðŸš€",2021-01-28 13:12:18
239,WAIT RH CLOSED OFF BUYING OF AMC AND CTRM??,2021-01-28 13:11:31
240,"$AAL $AMC $CTRM $GME Want to find a place to store your money after those gains? $GDX is the place. Gold has been  secured asset for more than 10000 years. Kill those bankers, withdraw your cash and exchange them for gold!",2021-01-28 13:09:05
241,"ctrm, zom, nok, amc, jagx, bring bacon home now time for biol to follow suit",2021-01-28 13:01:47
242,$CTRM for the squeeze and $Gevo / $amci dips for longterm,2021-01-28 12:48:55
243,"Added  CTRM, AMC abs SNDL positions!!",2021-01-28 12:44:03
244,I'm hearing something about CTRM. Truth or just hype? Planning to toss a few more bucks at GME tomorrow.,2021-01-28 12:36:07
245,Is buying CTRM still a good idea?,2021-01-28 12:15:53
246,"BB, NOK, CTRM, GS2C positions opened.",2021-01-28 11:32:48
247,Ctrm get it before it hits a dollar!! ðŸš€ðŸ’ŽðŸ™ŒðŸ½,2021-01-28 10:57:59
248,Iâ€™m jumping in/on CTRM. Take down Sabby!!!!,2021-01-28 04:51:02
249,"BOIS EVERYONE IS HOPPING ON THE MOTHER EFFIN [CTRM] ROCKET ðŸš€ðŸš€ðŸš€ðŸš€ðŸš€ still only .65 cents up 36% NOW IS THE TIME BUY 5,000 shares and Be RICHHHHH ðŸ“ˆðŸ“ˆðŸ’¸ðŸ’¸ðŸ’¸ðŸ¾ðŸš€ðŸš€ðŸ™ŒðŸ’¸ðŸ’¸ðŸ’¸",2021-01-28 04:03:03
250,CTRM,2021-01-28 03:48:15
251,"GME is obviously the target, but youâ€™d have to be even more mentally handicapped than I am to overlook CTRM. In 13k shares, might buy a Breitling after todayâ€™s session",2021-01-28 03:00:11
252,Will ctrm hit 2$ soon?,2021-01-28 02:53:12
253,Buy ctrm if you want to make a quick profit,2021-01-28 02:52:03
254,"CTRM is lookin spicy, will def go in , holding AMC and GME, bought NOK (probably long term)",2021-01-28 02:44:17
255,"Holding AMC, CTRM, and BB calls",2021-01-28 01:57:55
256,Anyone hear anything about CTRM?,2021-01-28 01:55:17
257,CTRM,2021-01-28 01:52:23
258,"Ikr, I kept seeing lots of threads about some random symbol I've never heard of (CTRM) and the overall effect was of retardation - that it's just arbitrary stocks and everyone hawking their own theories.",2021-01-28 01:50:20
259,"Watch out for botnets and people who are trying to pump shit they own. 

I think someone configured their botnet wrong, or this is a botnet in training. Ignore the posts from when WSB was private, because from what I can tell some users went there, and others went to /r/wallstreetbetsnew. But outside of that time, and continuing again it's definitely a botnet.

https://www.reddit.com/r/wallstreetbets_/

99% CTRM from obvious bot accounts.",2021-01-28 01:47:39
260,I bought ctrm hoping it launches ðŸš€,2021-01-28 01:47:15
261,"Someone has a million reddit accounts. They are smart at programming. They hold thousands or tens of thousands, maybe hundreds of thousands of shares of a stock that was worth ~$0.50 at close, which conveniently went to ~$0.75 during the time WSB is down. They're using this to hopefully spam WSB with CTRM interest with the accounts they have control over, using the reddit API, meaning they don't have to do it manually. However, the dumbass accidentally added an underscore at the end of the subreddit name, and since he isn't getting 403 forbidden or 502 gateway errors, he kept his botnet on (it wasn't being rejected because the sub didn't exist, the one with the underscore has existed for 4 years). So, we have a nice sample of obviously botted accounts that would be posting on this sub if the maker was competent, OR...

The creator is trying to test their botnet, and all of those messages are templates where they can switch out the CTRM for any other ticker symbol they choose at a moments notice and spam this sub with whatever they own in an attempt to pump and dump.",2021-01-28 01:44:57
262,"$CTRM they are sailing to the moon, watch them reach $1.50 tomorrow. They also have vessel named magic moon ðŸŒšðŸ›³ðŸ›³ðŸš€ðŸš€",2021-01-28 01:42:11
263,"Not a problem, homie! Itâ€™s the lucky CTRM medal. Letâ€™s send it to the moon tomorrah",2021-01-28 01:38:34
264,"Posting this again because it was right before private. 

I think someone configured their botnet wrong, or this is a botnet in training. Ignore the posts from when WSB was private, because from what I can tell some users went there, and others went to /r/wallstreetbetsnew. But outside of that time, and continuing again it's definitely a botnet. 

https://www.reddit.com/r/wallstreetbets_/

99% CTRM from obvious bot accounts.",2021-01-28 01:34:56
265,"See /r/wallstreetbets_.

A misconfigured botnet or a botnet in training. Shit is sketchy.

Literally check my comment from right before the sub went private. It was 99% CTRM spam. Go back a few hours in new. They're all new accounts.",2021-01-28 01:17:53
266,$CTRM TO THE MOON TOMORROW. GET IN TONIGHT BEFORE ITS WAY OVER A DOLLAR TOMORROW!!!!,2021-01-28 00:55:52
267,$CTRM TO THE MOON,2021-01-28 00:55:17
268,CTRM READY FOR LIFTOFF ðŸš€ðŸš€ðŸš€,2021-01-28 00:44:27
269,CTRM to the ~~moon~~ ~~stars~~ nearest tenth of a dollar!,2021-01-27 23:34:58
270,"Lmao why are so many commenters against CTRM? Itâ€™s a stock that used to trade for above $1 and then COVID happened. Just because itâ€™s sub-$1, not even worth a discussion? Look at the projections for short, medium, and long term growth. Idk why there is such disdain for a rocket ship.",2021-01-27 23:34:40
271,they right about CTRM tho holy shit.,2021-01-27 23:32:14
272,"I have full faith itâ€™s going up. Iâ€™ve been part of this community for a while and have been on with each previous play. Trying to diversify the price points for entry and getting in early. Pardon me, friends. Thisâ€™ll be my last CTRM post if itâ€™s that offensive to you.",2021-01-27 23:25:30
273,"I'm too poor to buy back in. I could Yolo my whole account and get about 10 shares, which would be nice, however, I'm going to sit on the others and jackoff  with my GME Tears. 

I'm sitting on 

inuv,  487@ 1.74 avg

Nspr 1000@.69

zom,  1000 @ .97 (originally .22, took profit to move around)

ctrm,  825 @ .44

Sens, 401 @ 2.20 with a 5$ covered call for 2/19

Amc 33 @ 12.00

I'm hopeful these all run up. I've done my DD and I'm ready. Lol.",2021-01-27 23:24:51
274,[deleted],2021-01-27 23:23:45
275,"Pump the SHIT out of CTRM.

&#x200B;

So much potential in a penny stock. Let's send it to the moon!!!!!!!!!",2021-01-27 23:21:30
276,CTRM no question,2021-01-27 23:18:09
277,CTRM ðŸš€,2021-01-27 23:10:43
278,CTRM ðŸš€,2021-01-27 23:09:30
279,CTRM ðŸš€,2021-01-27 23:06:53
280,CTRM goin crazyyyyy,2021-01-27 23:06:33
281,"Ctrm gonna triple, lets see",2021-01-27 23:05:08
282,"GME, AMC, NOK, and CTRM are the plays. Gotta keep the circle to four moon stocks. Nice, round number",2021-01-27 23:03:04
283,CTRM is looking promising,2021-01-27 22:55:41
284,CTRM is looking promising,2021-01-27 22:55:31
285,CTRM and SNDL are getting the NAKED treatment tomorrow,2021-01-27 22:55:07
286,My new wild cards NKD and CTRM....both going â˜ðŸ»,2021-01-27 22:54:50
287,CTRM had a 75% run today. Dont sleep on it lol,2021-01-27 22:51:36
288,ctrm UP 100%!!,2021-01-27 22:37:29
289,CTRM?????,2021-01-27 22:35:23
290,Scrapper NO Scrapping! $AXAS $NMCI $PRLB $NEO $RPG $CELP $CASA $ACEL $BGCP $IMACW $EQS $RWM $PAR $BDJ $SDC $BKSC $SCVL $LUNA $HUD $BCDA $FLBR $MFEM $STKS $PNR $MNTA $QDYN $TECK $MOMO $IRIX $UG $FTSL $SDYL $AMBC $BBBY $PTGX $FXL $WTM $CNFR $UMC $UNF $USLM $PZD $CGA $BAC $SMDV $CELG $SUNW $INDS $PFLT $TKAT $UEPS $YCBD $AVYA $GTEC $LRN $TRTN $PSP $PSR $QRTEB $VALX $CFR $UTL $GSV $PPD $CTRM $EQH $NMIH $SCHB $WSC $VERY $RYJ $EVOP $INFY $MNP $XLRE $FFNW $MS $KBAL $RRD $KTN $TNAV $SJW $GFED $BCEL $TRV $BWMC $LYV $TWO $DHIL $BSMS $HIG $JPMF $EGPT $PEI $PCF $SZC $AAWW $NVMI $PHGE $REI,2021-01-27 22:32:06
291,"Call me a fucking retard, but I like CTRM, AMC, and GME.",2021-01-27 22:24:09
292,CTRM... TO THE MOON TOMORROW. BUY UP.,2021-01-27 22:23:57
293,No itâ€™s CTRMã€‚,2021-01-27 22:10:01
294,How yall feel about CTRM?,2021-01-27 21:59:18
295,$CTRM letâ€™s get it to $1 by morning,2021-01-27 21:55:41
296,NAKD and CTRM!!!!,2021-01-27 21:55:00
297,What the hell happened with NAKD and CTRM pennystocks?,2021-01-27 21:52:55
298,CTRM has been trending across the other subs.,2021-01-27 21:52:42
299,CTRM ðŸš€ðŸš€ to the moon bois,2021-01-27 21:47:47
300,Blackberry was a good climb today. Look at CTRM for a slightly longer term. It's about to go ðŸš€ðŸš€ðŸš€,2021-01-27 21:44:41
301,Thoughts on CTRM? strong volume and low debt,2021-01-27 21:43:34
302,[removed],2021-01-27 21:16:56
303,"I'm commenting again on this thread to point out that OP didn't do enough DD. He forgot to mention that CTRM has a ship that (no joke), is called [Magic Moon](http://castormaritime.com/) (scroll down to the timeline portion). We're really gonna moon, aren't we fellas?",2021-01-27 21:16:13
304,"Doubling on CTRM while it dips after hours, holding a little for NOK to go back up",2021-01-27 21:15:24
305,CTRM ðŸ“ˆ,2021-01-27 21:08:53
306,CTRM ðŸ“ˆðŸ“ˆðŸ“ˆðŸ“ˆ,2021-01-27 21:08:48
307,Check out CTRM,2021-01-27 21:04:31
308,"BUY BUY BUY--- ZOM, CTRM, NAKD, NOK---BUY BUY BUY",2021-01-27 21:04:15
309,Holding everything probably doubling down on CTRM,2021-01-27 21:02:16
310,"Anyone else been sitting on TRNX for a while?

Also whatâ€™s the thoughts on CTRM?",2021-01-27 21:01:30
311,CTRM,2021-01-27 20:57:35
312,"BB, CCIV (on sale now!).
And almost sold my CTRM last night and sure glad I didn't now.",2021-01-27 20:57:20
313,CTRM has been fun today,2021-01-27 20:46:34
314,CTRM is next to rocket too!!,2021-01-27 20:45:10
315,back CTRM so it goes to the MOON! I'm trying to pay off some student loans!!,2021-01-27 20:39:38
316,CTRM | CTRM,2021-01-27 20:39:28
317,What is CTRM?,2021-01-27 20:33:52
318,CTRM LETS SAVE THIS COMPANY BOIS,2021-01-27 20:30:24
319,"CTRM Easy stock to move, if you wanna see some money make some moves. Put some bucks into CTRM",2021-01-27 20:13:44
320,If anyone wants sensible growth - CTRM looking good,2021-01-27 20:06:44
321,CTRMðŸš€ðŸš€ðŸš€,2021-01-27 20:02:20
322,Ctrm to the moon!!!! ðŸš€ðŸš€ðŸš€ðŸš€ðŸš€ðŸš€ðŸš€ðŸš€,2021-01-27 20:01:42
323,Any CTRM noise?,2021-01-27 19:59:18
324,CTRM also deserves some more love,2021-01-27 19:51:11
325,"I did CTRM the other day.  Bought it low, it went lower.  Sold it at break even after a week, it jumped the moment I sold it.

So, not a good experience.",2021-01-27 19:28:50
326,lets get CTRM to $1,2021-01-27 19:20:51
327,CTRM Tomorrow !!!!!!,2021-01-27 19:17:52
328,CTRM Will Blow Soon !!!,2021-01-27 19:16:52
329,CTRM and ACST... Make the move NOW,2021-01-27 19:13:44
330,CTRM,2021-01-27 19:07:32
331,Add CTRM to your watchlist!!!,2021-01-27 19:04:06
332,Ctrm 1000 %,2021-01-27 19:02:14
333,"Put 200 into GME for the boys, and got another 270 put into CTRM. Buy this shit up boys",2021-01-27 18:26:53
334,CTRM is next after NOK. Get in early up 25% today.,2021-01-27 18:26:03
335," Hold don't sell we got this, playing all these shorted stocks. let's fight back,  buy the shit up fuck the shorts!!!â€‹

AMC - gme- ctrm- nok- expr buy and hold! set sell limits at 1000 so they can't borrow our shares to short!",2021-01-27 18:24:39
336,CTRM,2021-01-27 18:23:46
337,$CTRM,2021-01-27 18:22:03
338,430million MARKET CAP FOR CTRM,2021-01-27 18:21:49
339,CTRMðŸš€ðŸš€ðŸš€ðŸš€ðŸš€ðŸš€ðŸš€,2021-01-27 18:20:57
340,CTRM TO THE MOON,2021-01-27 18:20:52
341,CTRM,2021-01-27 18:20:37
342,CTRM IS GOING TO SHOOT,2021-01-27 18:20:33
343, CTRM AND AMC ARE THE NEW WAVE,2021-01-27 18:20:15
344,CTRM CTRM CTRM CTRM GET IN NOW !,2021-01-27 18:17:30
345,AMC AND CTRM,2021-01-27 18:13:21
346,CTRM and AMC TO THE MOON,2021-01-27 18:13:00
347,AMC-CTRM letttss goooðŸš€ðŸš€,2021-01-27 18:10:28
348,[deleted],2021-01-27 18:07:07
349,CTRM & TANH,2021-01-27 18:04:56
350,CTRM &TANH,2021-01-27 18:04:45
351,"ðŸ˜‚ðŸš€ðŸ˜‚ðŸš€ðŸ˜‚ðŸš€ðŸš€ðŸš€ðŸš€ðŸš€ðŸš€ðŸš€ðŸš€ðŸš€ðŸš€ðŸš€ðŸš€ðŸš€ðŸš€ðŸš€ðŸš€ðŸš€ðŸš€NOK,SYN and CTRM!!!!!!!!!ðŸš€ðŸš€ðŸš€ðŸš€ðŸš€ðŸš€ðŸš€ðŸ˜‚ðŸ˜‚ðŸ˜‚ðŸ˜‚ðŸš€ðŸš€ðŸ˜‚ðŸš€ðŸ˜‚ðŸš€ðŸ˜‚ðŸš€ðŸ˜‚ðŸš€ðŸ˜‚ðŸš€ðŸ˜‚ðŸš€ðŸ˜‚ðŸš€ðŸ˜‚ðŸ˜œðŸ˜œ",2021-01-27 18:04:26
352,"NOK,SYN, and CTRM!!!!!!ðŸš€ðŸš€ðŸš€ðŸš€ðŸš€ðŸ˜‚ðŸ˜‚ðŸ˜‚ðŸ˜‚",2021-01-27 17:58:28
353,CTRM !!!! Lets bring it up at least 50%,2021-01-27 17:57:00
354,[removed],2021-01-27 17:56:30
355,Good for u im holding fucking bag come help us AMC - gme- ctrm- nok- expr buy and hold! set sell limits at 1000 so they can't borrow our shares to short!,2021-01-27 17:56:04
356,AMC - gme- ctrm- nok- expr buy and hold! set sell limits at 1000 so they can't borrow our shares to short!,2021-01-27 17:55:19
357,CTRM,2021-01-27 17:54:47
358,">Ctrm

I was meaning what Trading program I should go with but this is awesome info too :)",2021-01-27 17:52:55
359,Thoughts on CTRM,2021-01-27 17:51:21
360,NOK and CTRM ðŸš€ðŸš€,2021-01-27 17:49:09
361,CTRM the time is coming,2021-01-27 17:49:07
362,AMC. NOK. CTRM,2021-01-27 17:48:42
363,CtrmðŸš€ðŸš€ðŸš€ðŸš€ðŸš€,2021-01-27 17:48:40
364,"Iâ€™m in
397 shares AMC 
734 NOK 
2000 CTRM. 
ðŸ“ˆ. Please.",2021-01-27 17:48:15
365,CTRM!,2021-01-27 17:44:53
366,Ctrm,2021-01-27 17:41:11
367,The most shorted penny stock is ctrm,2021-01-27 17:40:19
368,Watch out with CTRM,2021-01-27 17:39:15
369,AMC - gme- ctrm- nok- expr buy and hold! set sell limits at 1000 so they can't borrow our shares to short!,2021-01-27 17:34:31
370,CTRM!!!!! JAGX!!!!,2021-01-27 17:33:29
371,CTRM today finallly,2021-01-27 17:33:20
372,What does everyone think about $CTRM,2021-01-27 17:32:38
373,Hey letâ€™s pump up JAGX people!!! And CTRM,2021-01-27 17:31:29
374,"AMC
NOK
BB
CTRM
TOUCHING DOWN ON MARS MY BOYS LETS GOOOOO ðŸš€ðŸš€ðŸš€ðŸš€ðŸš€ðŸš€ðŸš€ðŸš€ðŸš€ðŸš€ðŸš€ðŸš€",2021-01-27 17:29:22
375,AMC & CTRM... AMC will be an overnight hold. Shouldâ€™ve hit 40 today but brokerage issues really slowed things down. Hold overnight and expect a huge day tomorrow.,2021-01-27 17:28:33
376,AMC & CTRM... AMC will be an overnight hold. Shouldâ€™ve hit 40 today but brokerage issues really slowed things down. Hold overnight and expect a huge day tomorrow.,2021-01-27 17:28:22
377,$CTRM easy 600$,2021-01-27 17:27:07
378,Edited with ðŸš€ ðŸ˜‚ CTRM for sure too!,2021-01-27 17:26:53
379,"Ive got 100 on AMC, BB, EXPR, and CTRM. Im not going anywhere!!!",2021-01-27 17:26:27
380,"ðŸ”¥ðŸ”¥ðŸ”¥*please note* AMC IS DOING EXACTLYYY WHAT GME WAS DOING DAYS AND HOURS BEFORE THE TAKEOFF!!! I know itâ€™s hard sometimes, but you have to see the big picture & not the short term. AMC & CTRM... AMC will be an overnight hold. Shouldâ€™ve hit 40 today but brokerage issues really slowed things down. Hold overnight and expect a huge day tomorrow.ðŸ”¥ðŸ”¥ðŸ”¥",2021-01-27 17:25:52
381,AMC NOK CTRM all the way. CTRM is .49 rn,2021-01-27 17:25:34
382,0 rockets? Nah. CTRM ðŸš€ðŸš€ðŸš€,2021-01-27 17:23:46
383,AMC & CTRM... AMC will be an overnight hold. Shouldâ€™ve hit 40 today but brokerage issues really slowed things down. Hold overnight and expect a huge day tomorrow.,2021-01-27 17:22:27
384,CTRM? Don't miss this boat haah,2021-01-27 17:22:23
385,CTRM is .49 right now. AMC is going well,2021-01-27 17:21:38
386,"CTRM is pennies right now, great chance to make money",2021-01-27 17:17:53
387,We jumping into CTRM or what?,2021-01-27 17:17:09
388,"NOKKKKKKK
NAKDDDD
CTRM
ðŸš€ðŸš€ðŸš€ðŸš€ðŸš€ðŸš€ðŸš€ðŸš€ðŸš€",2021-01-27 17:16:29
389,CTRM to $10,2021-01-27 17:14:47
390,CTRM to $10,2021-01-27 17:14:38
391,CTRM,2021-01-27 17:14:26
392,"Buy CTRM while you wait for others to reopen, already up 20%",2021-01-27 17:14:03
393,CTRM,2021-01-27 17:13:59
394,NOK calls And CTRM buys are good right now,2021-01-27 17:13:55
395,AMC EXPR CTRM,2021-01-27 17:13:19
396,"CTRM , its cheap, PUMP PUMP !!!!",2021-01-27 17:11:21
397,Think CTRM should,2021-01-27 17:10:58
398,Imagine if the next one is CTRM,2021-01-27 17:10:06
399,CTRM PUSSSSH SO MUCH MORE POWER,2021-01-27 17:09:41
400,Did someone call CTRM?,2021-01-27 17:09:04
401,CTRMðŸš€ðŸš€,2021-01-27 17:07:15
402,CTRM NOW!!!,2021-01-27 17:07:05
403,NOK ðŸš€NAKD ðŸš€CTRM ðŸš€,2021-01-27 17:06:52
404,[deleted],2021-01-27 17:06:19
405,CTRM letâ€™s goooo!!!!,2021-01-27 17:03:36
406,CTRM?,2021-01-27 17:01:44
407,[deleted],2021-01-27 16:57:06
408,[deleted],2021-01-27 16:55:26
409,Wow ctrm is crazy,2021-01-27 16:55:07
410,[deleted],2021-01-27 16:54:30
411,"AMC is in dip, buy! Also CTRM is a good look now (not financial advise ofcourse)",2021-01-27 16:53:38
412,CTRM CTRM SQUEEZE BITCH SQUEEZE,2021-01-27 16:52:56
413,[deleted],2021-01-27 16:51:32
414,MAC EXPR NAKD CTRM,2021-01-27 16:51:27
415,HOLD NOK AND BB BUY NAKD AND CTRM,2021-01-27 16:50:54
416,CTRM GOGOGOGOGOGO,2021-01-27 16:50:46
417,[deleted],2021-01-27 16:49:55
418,CTRM darling you go ðŸŽˆ,2021-01-27 16:47:30
419, CTRM is 1 guy who owns 7 cargo ships,2021-01-27 16:47:21
420,NOK NAKD AND CTRM LETS GO BOYS,2021-01-27 16:47:05
421,CTRM is up 34% since this morning,2021-01-27 16:45:19
422,CTRM is heating up. Get onboard.,2021-01-27 16:43:23
423,CTRM,2021-01-27 16:41:26
424,CTRM having a morning,2021-01-27 16:40:52
425,"CTRM EASIEST SHORT SQUEEZE EVERRR CTRM CTRM CTRM CTRM CTRMCTRM CTRM CTRM CTRM CTRM

CTRM CTRM CTRM CTRM CTRM

CTRM CTRM CTRM CTRM CTRM

CTRM CTRM CTRM CTRM CTRM

CTRM CTRM CTRM CTRM CTRM

CTRM CTRM CTRM CTRM CTRM

CTRM CTRM CTRM CTRM CTRM

CTRM CTRM CTRM CTRM CTRM

CTRM CTRM CTRM CTRM CTRM

CTRM CTRM CTRM CTRM CTRM

CTRM CTRM CTRM CTRM CTRM

CTRM CTRM CTRM CTRM CTRM

CTRM CTRM CTRM CTRM CTRM

CTRM CTRM CTRM CTRM CTRM

CTRM CTRM CTRM CTRM CTRM

CTRM CTRM CTRM CTRM CTRM

CTRM CTRM CTRM CTRM CTRM",2021-01-27 16:40:46
426,CTRM! CTRM!!!,2021-01-27 16:39:55
427,CTRM lets push it,2021-01-27 16:39:45
428,[deleted],2021-01-27 16:39:02
429,Ctrm lfg ðŸ’¯ðŸŽˆðŸ™ðŸŽ‰,2021-01-27 16:34:40
430,CTRM is a shit stock with crony management,2021-01-27 16:26:47
431,CTRM gonna ðŸš€ðŸš€ðŸš€ðŸš€,2021-01-27 16:26:37
432,CTRM!!!,2021-01-27 16:24:12
433," ðŸš€  CTRM, NOK  ðŸš€  ðŸš€  ðŸš€  ðŸš€",2021-01-27 16:22:44
434,Lol at ctrm at about to get to 1$,2021-01-27 16:20:33
435,Keep a watch on CTRM,2021-01-27 16:16:28
436,ok bought in on CTRM,2021-01-27 16:15:41
437,"Man when I first started I bought a bunch of CTRM, and then they declared bankruptcy",2021-01-27 16:13:50
438,CTRM MOONING WITH AMC LETS GOOOOOOO ðŸš€ðŸš€ðŸš€ðŸš€ðŸš€ðŸš€ðŸš€ðŸš€ðŸš€,2021-01-27 16:13:35
439,CTRM LOOKING HOT,2021-01-27 16:11:48
440,CTRM,2021-01-27 16:08:52
441,Ctrm,2021-01-24 01:43:52
442,"Balls deep in CTRM. Around $0.40 rn, ath pre Covid $10. Theyâ€™ve been scaling up like crazy this month bought their largest tanker yet and took out a $4M loan for expansion.",2021-01-23 14:49:54
443,"I'm a bot. Recent empty self posts, noob questions, and spam which people were temp-banned for. Bans are 1-2 days to discourage posts that ought to be comments.

User|Post Title
:--|:--
/u/mndogs-1616|[How does â€œIV crushâ€ affect my options?](https://redd.it/l30vpe)
/u/600300|[Recommend short term gainers for quick cash (Iâ€™m a beginner)](https://redd.it/l30vos)
/u/skhann333|[Can anyone make a r/wsb index please? I would like to lose all my money](https://redd.it/l30w3a)
/u/Hello-There-Im-Zach|[Another chip play. UMCðŸš€ðŸš€ðŸš€](https://redd.it/l30wjg)
/u/FunctionVoidSmall|[BB just smashed through $15 on after market trading](https://redd.it/l30wuy)
/u/Diopside23|[ðŸš€ðŸš€RIGðŸš€ðŸš€ - My personal pick for a YOLO play](https://redd.it/l30x0p)
/u/calvinfroedge|[DD: Koss](https://redd.it/l30xf5)
/u/calvinfroedge|[DD: Koss](https://redd.it/l30xf5)
/u/calvinfroedge|[DD: Koss](https://redd.it/l30z17)
/u/HovercraftPuzzled268|[Wall Street vs Retards](https://redd.it/l30z1g)
/u/calvinfroedge|[DD: Koss](https://redd.it/l30z77)
/u/calvinfroedge|[DD: Koss](https://redd.it/l30z77)
/u/SublimeOverall|[GME/BB - Buy stocks? Or options?](https://redd.it/l30zno)
/u/ieg879|[New to the game but betting on CTRM, SHIP, and TSNP](https://redd.it/l310ff)
/u/alliancemarla1|[Where can I buy GME?](https://redd.it/l311ta)
/u/tedx432|[A plea to the wallstreetbet autists: SNDL ðŸš€ðŸš€ðŸš€ðŸš€ðŸš€ðŸš€](https://redd.it/l312al)
/u/hitman_|[Do you think the GME short squeeze will happen very fast within hours, or will take a few weeks and grow slowly?](https://redd.it/l314aw)",2021-01-23 00:31:52
444,$CTRM ...thank me later,2021-01-22 22:02:12
445,CTRM LOAD,2021-01-22 18:11:17
446,CTRM .40 TARGET $1,2021-01-22 18:08:54
447,BUY CTRM!!,2021-01-22 18:07:48
448,BUY CTRM,2021-01-22 18:04:24
449,"I'm a bot. Recent empty self posts, noob questions, and spam which people were temp-banned for. Bans are 1-2 days to discourage posts that ought to be comments.

User|Post Title
:--|:--
/u/SnooEpiphanies6094|[Andrew Left Live](https://redd.it/l23z3s)
/u/muenster21|[How the fuck should GME should go to Mars if the people jumping of the rocket when the rocket didnâ€™t even left the earth?! Keep your balls together and stay in ðŸš€ðŸš€ðŸš€ðŸš€](https://redd.it/l2433w)
/u/ndmunic|[GameStop's stock spikes up after short seller Shitron cancels livestream, then pulls back](https://redd.it/l243ge)
/u/jtqn2020|[INAQ merging with Metromile](https://redd.it/l2435s)
/u/jtqn2020|[INAQ merging with Metromile](https://redd.it/l2435s)
/u/ronin_d|[How to trade options on Robinhood?](https://redd.it/l24426)
/u/StonkWonker|[CTRM â€”- Fer ye Sea Shanty SCALLAWAGS!](https://redd.it/l244gs)
/u/StonkWonker|[CTRM â€”- Fer ye Sea Shanty SCALLAWAGS!](https://redd.it/l244gs)
/u/FlashySecretary2241|[AMC](https://redd.it/l244vk)
/u/Twoofat|[Can't stop, Won't stop, Gamestop ðŸš€ðŸš€ðŸš€ðŸš€ðŸš€](https://redd.it/l245ww)
/u/h4rryP|[It feels like PLTR has been missing out on some love here](https://redd.it/l247nz)
/u/thats-bait|[PLTR for anyone wondering what they do...](https://redd.it/l249ng)
/u/majormarketeer|[Wondering when all that $gme money is going back to #tsla ðŸ¤”](https://redd.it/l24av2)
/u/MentaSuave|[$NOK Nokia](https://redd.it/l24btb)
/u/horseboob|[Does anybody remember Palantir (PLTR)?](https://redd.it/l24bxk)
/u/ShortAngle|[ATTENTION: BB share discount buy 210 shares for the price of 200 while supplies last ðŸš€ðŸš€ðŸš€](https://redd.it/l24g7c)
/u/TheJonMackAttack|[I want to be a retard too, but I have no financial knowledge.](https://redd.it/l24h0w)",2021-01-21 18:34:21
450,"I'm a bot. Recent empty self posts, noob questions, and spam which people were temp-banned for. Bans are 1-2 days to discourage posts that ought to be comments.

User|Post Title
:--|:--
/u/Negative_Flamingo493|[How can a beginner like me invest $1,000?](https://redd.it/kxwqjx)
/u/alectct|[CannabisðŸš€](https://redd.it/kxwqs1)
/u/HattoriChidori|[Boys I'm sacred](https://redd.it/kxwqp1)
/u/thesankreturns|[Stocks to buy after today's possible strong dip?](https://redd.it/kxwqzx)
/u/2ero|[We currently have 1,852,336 subscribers. If each one of us invest 1k... We'd collective have over a billion dollars...](https://redd.it/kxwrho)
/u/TheBiggestBet|[GME to moon ðŸš€ðŸš€ðŸš€ðŸ›¸ðŸš€ðŸ›¸](https://redd.it/kxwrn3)
/u/semok27|[First WSB YOLO Bet LETS GOO](https://redd.it/kxwsfr)
/u/LifeOfAMetro|[CTRM leaving the oceans for the sky!](https://redd.it/kxwsrm)
/u/collectorkabbash|[Thoughts on UAVS Drones? Was linked this document speculating Amazon partnership. ðŸ¤”](https://redd.it/kxwt9p)
/u/CoolGuyBriBri|[Should I buy the GME dip? [SERIOUS]](https://redd.it/kxwtj7)
/u/Expensive-Square8595|[BB calls !?!](https://redd.it/kxwvcc)
/u/Impressive-Tendies69|[The market just crashed for a bit. I hope some of you loaded up a bit with the discount if you havenâ€™t gotten in yet! Letâ€™s go WSB GME gang!](https://redd.it/kxwvgu)
/u/FriendlyBridge|[BB gains ðŸš€ ðŸš€](https://redd.it/kxww5a)
/u/Ned_Flanderz|[PSA: Prepare yourself for the long weekend](https://redd.it/kxwwmd)
/u/groundkontrol13|[Oh snap](https://redd.it/kxwwkl)
/u/adiagomarcelo|[IT'S TIME TO BUY! LETS GOOOO ðŸš€ðŸš€ðŸš€](https://redd.it/kxwxbc)
/u/Civil-Midnight7637|[FUCK MELVIN FUCK BOOMERS](https://redd.it/kxwxmf)",2021-01-15 15:38:19
451,"I'm a bot. Recent empty self posts, noob questions, and spam which people were temp-banned for. Bans are 1-2 days to discourage posts that ought to be comments.

User|Post Title
:--|:--
/u/LeapingLudo|[Spotlight: WSB-IBD](https://redd.it/kxu4xg)
/u/APT__007|[âš¡ï¸ðŸš—ðŸš€](https://redd.it/kxu5ti)
/u/redditechuser|[What happened to all talks no action on taking #MAC TO THE MOON ðŸš€ðŸš€ðŸš€ðŸš€ðŸš€](https://redd.it/kxu61c)
/u/LimpingWhale|[Is anyone else worried $GME went from 2.2b to 1.7b overnight?](https://redd.it/kxu68b)
/u/Otherwise-Classic761|[URG Energy Stock](https://redd.it/kxu8ae)
/u/Otherwise-Classic761|[URG Energy Stock](https://redd.it/kxu8ae)
/u/Groundbreaking-End64|[Sundial](https://redd.it/kxu9c6)
/u/Upside-down-tree|[Can I please read something else then the same GME post or a repost repost repost of the same GME article](https://redd.it/kxu9if)
/u/Agreeable_Invite492|[We are 1,8 fucking Million](https://redd.it/kxu9zs)
/u/Pinkop|[GME ðŸ”¥ sale right now](https://redd.it/kxuapq)
/u/dogs-are-perfect|[$BB Rocketship Is Boarding. please have your boarding passes for the MOON Ready!](https://redd.it/kxuawy)
/u/BackupCodes|[Excuse me Mr WSB](https://redd.it/kxub4h)
/u/BackupCodes|[Excuse me Mr WSB](https://redd.it/kxub4h)
/u/gotobedhungry|[To make your shares UNBORROWABLE (such as for GME), shares (not options) must be purchased in CASH (not MARGIN). That is all.](https://redd.it/kxuc6q)
/u/kevin_kt91|[I wonder the guy hold gme options ! Is he an insider when so far yesterday was the last day gme stock spiked ? . And he almost buy the bottom sell the top. Even last few week crash he didnâ€™t sell . Iâ€™m not the hater just wonder how that can be the perfect trade like that @@](https://redd.it/kxucgt)
/u/AmishMafiaK1Vr|[ELY shares or feb calls?](https://redd.it/kxucw4)
/u/Prudent_Apricot2916|[CTRM ðŸš€](https://redd.it/kxudqr)",2021-01-15 13:20:16
452,Ctrm my bet for the day,2021-01-14 14:35:04
453,"I'm a bot. Recent empty self posts, noob questions, and spam which people were temp-banned for. Bans are 1-2 days to discourage posts that ought to be comments.

User|Post Title
:--|:--
/u/BottomOfTheValley|[Advice on where to start with options?](https://redd.it/kwx5eq)
/u/onendedstick95|[How many of us are on the GME train today?!](https://redd.it/kwx5ve)
/u/gopropes|[Damnit I found this subreddit 8 days ago and I have not left it since fuck all my other subs Iâ€™m WSB for life!](https://redd.it/kwx8ez)
/u/kenley1995|[CTRM ðŸš€ðŸš€ðŸš€ðŸš€ðŸ’°ðŸ’°ðŸ’°ðŸ’°ðŸ˜ˆðŸ˜ˆðŸ˜ˆya last day to buy](https://redd.it/kwx8zp)
/u/kenley1995|[CTRM ðŸš€ðŸš€ðŸš€ðŸš€ðŸ’°ðŸ’°ðŸ’°ðŸ’°ðŸ˜ˆðŸ˜ˆðŸ˜ˆya last day to buy](https://redd.it/kwx8zp)
/u/daringTrader|[All in on ETSY 250 March 21 calls, to the moon Batman !! Spent 50k on it, lookin to be a suga daddy in April... eligibles apply!](https://redd.it/kwxb20)
/u/Vdisson|[Okay so Iâ€™ve seen about 100 post in here about GME shorts.](https://redd.it/kwxc9p)
/u/Lie-Major|[Tesla recall - tommorow might be dark red!](https://redd.it/kwxhoa)
/u/jtfooog|[FcCK GME paper hands](https://redd.it/kwxhxw)
/u/The_Boregonian|[Noobie here](https://redd.it/kwxkhn)
/u/BoboFatMan|[Just guess what people on Wall Street bets in like 6 months is gonna talk about and make a lot of money](https://redd.it/kwxl8d)
/u/fzvcd|[URG... is it going to continue going up despite company stating it had no clue why the price is un an upwards trend?](https://redd.it/kwxlks)
/u/inabadspott|[What are some good stocks to buy options on at this time? Iâ€™m so fucking tired of everyone making so much money while I am not.](https://redd.it/kwxn3m)
/u/goddi2010|[Cathie Woods to start space etf ARKX](https://redd.it/kwxque)
/u/watergas123|[DBX HIGHLY SUS. ðŸš€ðŸš€ðŸš€ðŸš€](https://redd.it/kwxr8n)
/u/TheAgent2|[CCIV - Taking Lucid Motors Public](https://redd.it/kwxuy9)
/u/KING2713|[Opinions on $POLA $BLNK $BUS](https://redd.it/kwxx8p)
/u/KING2713|[Opinions on $POLA $BLNK $BUS](https://redd.it/kwxx8p)",2021-01-14 04:05:52
454,Ctrm buy asap,2021-01-14 03:22:46
455,"I'm a bot. Recent empty self posts, noob questions, and spam which people were temp-banned for. Bans are 1-2 days to discourage posts that ought to be comments.

User|Post Title
:--|:--
/u/Xsyther|[WHERE IS DEEPFUCKINGVALUE?](https://redd.it/kwnutx)
/u/sergiomack|[BINGO!! LETS GO BNGO $10 ðŸš€ðŸš€ðŸš€ðŸ¤‘ðŸ¤‘ðŸ¤‘ðŸŒ•ðŸŒ•ðŸŒ•](https://redd.it/kwnut7)
/u/XxRetardedNormie69xX|[AKBA Big DoD funding breakout incoming ðŸš€ðŸš€](https://redd.it/kwnv9v)
/u/XxRetardedNormie69xX|[AKBA Big DoD funding breakout incoming ðŸš€ðŸš€](https://redd.it/kwnv9v)
/u/AFx9|[GME Done or buy?](https://redd.it/kwnvt9)
/u/SJB_11|[GME Purchase Today?](https://redd.it/kwnvsx)
/u/SirKratos1987|[whats everyoneâ€™s take on Airbnb?](https://redd.it/kwnxbw)
/u/caverypca|[Update: How Fâ€™d was I? Retarded gain.](https://redd.it/kwnxtt)
/u/hellofromtheotha|[Hear me out guys - $CTRM?](https://redd.it/kwny2s)
/u/hellofromtheotha|[Hear me out guys - $CTRM?](https://redd.it/kwny2s)
/u/playboygeezy|[GME: JUST THE TIP OF THE SQUEEZE BABY ðŸš€ðŸš€ðŸš€ðŸš€](https://redd.it/kwnydf)
/u/nyrw|[When should I sell GME](https://redd.it/kwnz7o)
/u/youngndreaded|[GME GANG](https://redd.it/kwnzl9)
/u/wh0andwhy|[$CLSK bought it last year around November. Holding on tightly with two hands](https://redd.it/kwnzu7)
/u/highflyer2823|[Too late for GME](https://redd.it/kwo0rj)
/u/deeonedarian|[Now that WSB has proved themselves, what is the next GME?](https://redd.it/kwo1xo)
/u/spacebanana52|[You retard were right about GME all along. Too late to buy in?](https://redd.it/kwo20h)",2021-01-13 19:38:55
456,Ctrm,2021-01-12 17:04:50
457,Ctrm,2021-01-06 02:25:35
458,[deleted],2021-01-05 20:37:54
459,$CTRM $ZOM,2021-01-05 05:20:07
460,My DD: buy CTRM,2020-11-20 20:19:59
461,"CTRM is just a man and his boat living the life ""Employees:1"" and i bought like 1500 shares because this man just vibing in greece or wherever",2020-11-12 19:47:04
